tCu,wCu,tLam,nLam,aln,tsu,freq,real_Q,real_R,real_L,pre_Q,pre_R,pre_L
5.0,250.0,100.0,8.0,15.0,6.0,1.0,1.00705368450029,20.763331030137,3.32789628096847,2.9462264,8.814494,4.133173
5.0,250.0,100.0,8.0,15.0,6.0,25.75,17.8279051290337,29.773823359552,3.28078537332687,31.835085,15.439681,3.0379975
5.0,250.0,100.0,8.0,15.0,6.0,50.5,22.1879384445591,46.7566092551734,3.26955550806924,31.392347,31.585232,3.1249027
5.0,250.0,100.0,8.0,15.0,6.0,75.25,21.2650381629433,72.5012880077561,3.26081016256918,14.968569,109.57784,3.4690986
5.0,250.0,100.0,8.0,15.0,6.0,100.0,19.1251710746088,106.82832958956,3.25171068356114,16.689898,131.33394,3.488595
5.0,250.0,100.0,12.0,20.0,4.0,1.0,1.18779151286668,20.8100951159321,3.93400053511203,4.55727,6.615303,4.7981596
5.0,250.0,100.0,12.0,20.0,4.0,25.75,17.0158672383482,36.7471669809375,3.86474504934207,26.083923,20.59545,3.3203762
5.0,250.0,100.0,12.0,20.0,4.0,50.5,17.2162423571242,70.8686178172277,3.84521903753399,18.457197,69.00909,4.014217
5.0,250.0,100.0,12.0,20.0,4.0,75.25,14.6467226566703,123.48859810913,3.82543604608953,12.972513,144.91415,3.9760187
5.0,250.0,100.0,12.0,20.0,4.0,100.0,12.3591744861075,193.311940919323,3.80249171600903,8.24991,329.81946,4.3305745
5.0,250.0,350.0,8.0,20.0,4.0,1.0,2.04164183060494,21.039390065174494,6.83648448158788,4.8093476,8.841224,6.76735
5.0,250.0,350.0,8.0,20.0,4.0,25.75,7.88124585652315,135.670223777009,6.60879552666659,9.906504,103.30086,6.3251
5.0,250.0,350.0,8.0,20.0,4.0,50.5,5.0055431396887,398.228751534064,6.28221180287249,5.262009,349.34222,5.79337
5.0,250.0,350.0,8.0,20.0,4.0,75.25,3.81320267467673,733.984105266829,5.9195701499544,4.839987,489.01413,5.005865
5.0,250.0,350.0,8.0,20.0,4.0,100.0,3.18682219045339,1099.16681553014,5.57495764885185,4.5808234,592.49994,4.3196826
25.0,200.0,100.0,16.0,15.0,2.0,1.0,5.87012449813207,5.45257806011267,5.09412192762661,4.105534,7.816875,5.1076717
25.0,200.0,100.0,16.0,15.0,2.0,25.75,17.1075372519024,47.0035618664259,4.97005462539077,12.744707,66.62075,5.2478623
25.0,200.0,100.0,16.0,15.0,2.0,50.5,10.5816558528634,146.633560612069,4.89007777853356,10.856042,131.69572,4.5058
25.0,200.0,100.0,16.0,15.0,2.0,75.25,7.7876818239228,290.735107271462,4.78871845788565,7.3917656,306.22583,4.7874417
25.0,200.0,100.0,16.0,15.0,2.0,100.0,6.32829504654063,464.484415409557,4.67819152472373,5.689379,557.39124,5.047137
25.0,250.0,100.0,12.0,20.0,4.0,1.0,5.51828884206297,4.28569704152968,3.76396891202807,4.751876,7.2113256,5.453814
25.0,250.0,100.0,12.0,20.0,4.0,25.75,34.9462398461869,17.1996520571819,3.71503588307227,23.186804,30.405998,4.3575587
25.0,250.0,100.0,12.0,20.0,4.0,50.5,24.4278812790726,48.0850135750842,3.70189671175809,17.129297,77.42645,4.179819
25.0,250.0,100.0,12.0,20.0,4.0,75.25,18.0414326371305,96.588880740485,3.68563040509288,7.205244,303.13077,4.6194715
25.0,250.0,100.0,12.0,20.0,4.0,100.0,14.276742741542,161.319744132625,3.66553009901072,9.253324,304.7929,4.4887214
25.0,200.0,100.0,12.0,20.0,6.0,1.0,4.5491728906015,5.34034454282993,3.8665341595056,4.3928337,7.289252,5.096216
25.0,200.0,100.0,12.0,20.0,6.0,25.75,29.9229051582864,20.4508350871338,3.7823150513968,22.921762,27.62469,3.9137075
25.0,200.0,100.0,12.0,20.0,6.0,50.5,22.6987437254557,52.6199461651428,3.76427180289104,15.588505,86.8676,4.2676725
25.0,200.0,100.0,12.0,20.0,6.0,75.25,17.3163413331206,102.27356291138,3.74570138014064,11.693318,162.47911,4.018359
25.0,200.0,100.0,12.0,20.0,6.0,100.0,13.9178074493417,168.125221234969,3.72412135267205,8.310545,341.03287,4.510718
30.0,200.0,250.0,12.0,20.0,2.0,1.0,9.19306960035752,4.7702654149170005,6.97948251206288,7.1653566,6.6891065,7.6282697
30.0,200.0,250.0,12.0,20.0,2.0,25.75,8.25471850644807,131.544573734351,6.71147696955363,15.540554,49.248417,4.730444
30.0,200.0,250.0,12.0,20.0,2.0,50.5,4.77720028199751,420.877167168368,6.33661860946936,3.7927353,460.84946,5.5085897
30.0,200.0,250.0,12.0,20.0,2.0,75.25,3.56471935394163,785.2523289848,5.9203612113278,2.2814038,1074.9471,5.1868386
30.0,200.0,250.0,12.0,20.0,2.0,100.0,2.9604079182593,1173.04160704593,5.52694452283347,3.1334965,1044.5437,5.209256
30.0,250.0,100.0,12.0,15.0,6.0,1.0,7.01311887956642,3.59074834783703,4.00789469016817,4.8150644,6.4647155,4.954179
30.0,250.0,100.0,12.0,15.0,6.0,25.75,30.3420687686287,21.1298214517811,3.96263356487739,21.34521,34.83177,4.595354
30.0,250.0,100.0,12.0,15.0,6.0,50.5,19.257631197321,64.9207341623486,3.94017073697387,17.477531,72.036514,3.967907
30.0,250.0,100.0,12.0,15.0,6.0,75.25,13.9486141581739,132.525289595606,3.90970014532166,11.029013,195.49376,4.5601897
30.0,250.0,100.0,12.0,15.0,6.0,100.0,11.0517746551254,220.167714343036,3.8726280481858,6.601552,454.07907,4.7708697
30.0,200.0,350.0,8.0,15.0,4.0,1.0,9.10640008671947,4.7299389724222,6.85523577021129,7.034787,7.414044,8.3009205
30.0,200.0,350.0,8.0,15.0,4.0,25.75,8.27425048943696,128.538129894111,6.57360402123851,9.209195,100.00463,5.6922617
30.0,200.0,350.0,8.0,15.0,4.0,50.5,4.99709405422688,393.268845605888,6.19349541756362,5.134111,339.19617,5.4883904
30.0,200.0,350.0,8.0,15.0,4.0,75.25,3.84097726501469,716.715779561996,5.82240391341933,3.975518,622.0919,5.2307224
30.0,200.0,350.0,8.0,15.0,4.0,100.0,3.2299755241055,1067.79400147667,5.48917200582215,3.2765434,1007.7816,5.2553587
35.0,250.0,250.0,16.0,20.0,2.0,1.0,14.695944093759,3.6050774150566,8.43203145462027,7.1965404,7.8317995,8.970266
35.0,250.0,250.0,16.0,20.0,2.0,25.75,5.068407354994,251.061977322919,7.86493894672933,8.605897,131.27335,6.9825773
35.0,250.0,250.0,16.0,20.0,2.0,50.5,2.98550617928865,737.933270507619,6.94326625147641,2.1566756,974.9826,6.6269016
35.0,250.0,250.0,16.0,20.0,2.0,75.25,2.30888350549356,1248.81826086674,6.09838571043945,1.9967755,1369.3301,5.782969
35.0,250.0,250.0,16.0,20.0,2.0,100.0,1.98967659822863,1709.67374831003,5.41397027353512,1.5050696,2189.1257,5.243813
40.0,200.0,100.0,16.0,15.0,6.0,1.0,8.84389227090866,3.44765200578448,4.85273972293949,3.8397684,7.955881,4.861983
40.0,200.0,100.0,16.0,15.0,6.0,25.75,18.656883051278,41.2718443103869,4.75922091033744,18.765581,40.32684,4.6773424
40.0,200.0,100.0,16.0,15.0,6.0,50.5,11.1493207128021,133.383893030367,4.6868445633347,10.369384,130.61623,4.2685347
40.0,200.0,100.0,16.0,15.0,6.0,75.25,8.14032914007075,266.864956505067,4.59459399371722,7.718456,274.92532,4.48806
40.0,200.0,100.0,16.0,15.0,6.0,100.0,6.59140802202326,428.380865411464,4.49395161006619,6.9350734,453.71115,5.0078425
40.0,200.0,250.0,8.0,15.0,2.0,1.0,9.58565217969821,3.51015615720431,5.35510801837074,3.9411147,8.680813,5.445021
40.0,200.0,250.0,8.0,15.0,2.0,25.75,14.8977976202962,56.8290273107388,5.23281271318488,17.160389,46.068813,4.886266
40.0,200.0,250.0,8.0,15.0,2.0,50.5,8.75934730654066,185.21956065383,5.11313606239131,20.980389,61.491352,4.065896
40.0,200.0,250.0,8.0,15.0,2.0,75.25,6.45898777796374,363.616179725591,4.96731029144905,13.335998,158.41135,4.4681244
40.0,200.0,250.0,8.0,15.0,2.0,100.0,5.29481576415697,571.738353309432,4.81801681484198,6.4355288,462.24387,4.7345133
40.0,200.0,100.0,12.0,15.0,4.0,1.0,7.47560774479379,3.41547914911825,4.06366852656004,3.6002927,8.420656,4.825073
40.0,200.0,100.0,12.0,15.0,4.0,25.75,28.6743708659112,22.4967237854225,3.98709030564735,17.874466,43.24151,4.777238
40.0,200.0,100.0,12.0,15.0,4.0,50.5,18.812398398453,66.7985238539228,3.96040669741519,15.059814,87.43197,4.149718
40.0,200.0,100.0,12.0,15.0,4.0,75.25,13.8336259087565,134.263978623708,3.92834088521621,9.254611,236.71829,4.633438
40.0,200.0,100.0,12.0,15.0,4.0,100.0,11.0417195945941,221.401506077746,3.89078664469416,7.4192886,429.67203,5.0736346
20.0,50.0,350.0,8.0,15.0,6.0,1.0,1.88056964701362,26.156037311061706,7.82855310619802,6.416051,7.0273123,7.1759133
20.0,50.0,350.0,8.0,15.0,6.0,25.75,7.65197473955146,160.672111633242,7.59900844896158,10.271891,96.75353,6.142714
20.0,50.0,350.0,8.0,15.0,6.0,50.5,5.05092719762748,450.791918498984,7.17589349073552,6.7129016,256.679,5.430369
20.0,50.0,350.0,8.0,15.0,6.0,75.25,3.98869622146922,802.141255489872,6.76698856429389,5.1592016,531.1674,5.795988
20.0,50.0,350.0,8.0,15.0,6.0,100.0,3.40451257101142,1181.84796657887,6.40378416763293,3.8650978,779.1965,4.7932196
10.0,50.0,150.0,16.0,15.0,6.0,1.0,0.954165335615697,51.978684662917104,7.89348979403533,2.778672,9.947737,4.3992825
10.0,50.0,150.0,16.0,15.0,6.0,25.75,7.43730473368675,168.041762023769,7.72459469468634,18.976025,36.572464,4.2894588
10.0,50.0,150.0,16.0,15.0,6.0,50.5,5.41370469668626,432.59881800532304,7.3808884964426,12.908582,112.045334,4.5582795
10.0,50.0,150.0,16.0,15.0,6.0,75.25,4.34560534135464,763.988332376204,7.02183524888098,8.945121,238.11258,4.504868
10.0,50.0,150.0,16.0,15.0,6.0,100.0,3.73380347562781,1126.68172415112,6.69534309732167,10.317115,295.1461,4.8463535
20.0,100.0,150.0,16.0,20.0,4.0,1.0,3.15789120638574,13.1817695986422,6.6250782469506,3.7778838,7.5482373,4.5385203
20.0,100.0,150.0,16.0,20.0,4.0,25.75,10.5171437828901,98.9275441468028,6.43069537796726,16.269487,46.869774,4.713134
20.0,100.0,150.0,16.0,20.0,4.0,50.5,6.73286014444685,293.628095712171,6.23054382926374,13.658756,92.027855,3.9614954
20.0,100.0,150.0,16.0,20.0,4.0,75.25,5.03457702387688,562.967618699628,5.99459755599305,7.471755,304.06393,4.8050833
20.0,100.0,150.0,16.0,20.0,4.0,100.0,4.13377892500642,873.685711617779,5.74807745625126,7.1889606,468.16418,5.356538
20.0,100.0,350.0,8.0,15.0,6.0,1.0,3.53261236316488,13.2725456189926,7.46225941971617,6.270204,7.1688395,7.1540294
20.0,100.0,350.0,8.0,15.0,6.0,25.75,7.7089530699074,150.041204140286,7.14905833676669,34.94518,18.435226,3.981794
20.0,100.0,350.0,8.0,15.0,6.0,50.5,4.95492489968495,430.945290527144,6.72958013353473,6.7659774,270.58942,5.769923
20.0,100.0,350.0,8.0,15.0,6.0,75.25,3.88040708971659,771.617776346289,6.33276162813269,4.3732953,547.71606,5.0661464
20.0,100.0,350.0,8.0,15.0,6.0,100.0,3.2951306630127,1140.26205566779,5.97994851306943,4.0956674,851.3196,5.5492887
15.0,150.0,100.0,16.0,15.0,6.0,1.0,2.88238884244438,11.7119238756523,5.37280329201235,3.3874462,8.833069,4.762162
15.0,150.0,100.0,16.0,15.0,6.0,25.75,14.2571144647268,59.1905437986651,5.21587127417844,16.57012,48.766216,4.9944506
15.0,150.0,100.0,16.0,15.0,6.0,50.5,9.8955682325359,164.222370155963,5.12155460078437,8.763386,180.46143,4.98408
15.0,150.0,100.0,16.0,15.0,6.0,75.25,7.54005867681252,314.294853770135,5.0121680403115,6.226545,393.34088,5.18
15.0,150.0,100.0,16.0,15.0,6.0,100.0,6.21958330537227,494.566323808646,4.89560040103346,6.431142,527.12286,5.395354
15.0,250.0,50.0,16.0,15.0,4.0,1.0,3.17905263971174,7.02228421859559,3.55300856023191,5.5634966,6.0619783,5.367628
15.0,250.0,50.0,16.0,15.0,4.0,25.75,32.5739948424774,17.402152998542,3.50361925271062,5.607588,186.91452,6.4783163
15.0,250.0,50.0,16.0,15.0,4.0,50.5,27.2122315282041,40.7291119487349,3.49299409787041,4.562956,499.59558,7.1844506
15.0,250.0,50.0,16.0,15.0,4.0,75.25,21.323992916737,77.1883895599884,3.48124137860836,6.7768908,346.81387,4.970961
15.0,250.0,50.0,16.0,15.0,4.0,100.0,17.2935942189521,125.966991984491,3.4670663650053,7.0571313,432.21246,4.8545117
10.0,250.0,50.0,16.0,20.0,4.0,1.0,1.91732498135156,10.4518174559651,3.18939036955503,6.742638,6.313708,6.7753925
10.0,250.0,50.0,16.0,20.0,4.0,25.75,28.5738170499111,17.7456418772077,3.13402798994957,16.327644,53.43903,5.392935
10.0,250.0,50.0,16.0,20.0,4.0,50.5,32.0215560061244,30.9733917312707,3.12579110007709,9.631169,159.35571,4.8369927
10.0,250.0,50.0,16.0,20.0,4.0,75.25,28.8924060057488,51.0557306997673,3.11990832226519,7.6103964,332.6176,5.3538465
10.0,250.0,50.0,16.0,20.0,4.0,100.0,25.0919600059516,77.9785007163395,3.11407880818457,4.2731066,797.1126,5.4210477
20.0,200.0,200.0,16.0,20.0,2.0,1.0,6.72243402157435,7.021130525239,7.51196795976211,7.3233423,6.774231,7.8956785
20.0,200.0,200.0,16.0,20.0,2.0,25.75,7.17408523755731,161.46233327036998,7.15946639180786,9.992712,101.16286,6.248092
20.0,200.0,200.0,16.0,20.0,2.0,50.5,4.19438322146262,505.0545422847071,6.67628922074503,4.0774403,461.52283,5.9307494
20.0,200.0,200.0,16.0,20.0,2.0,75.25,3.15050710065412,923.5043466219312,6.1536534385643,3.541741,712.8409,5.339775
20.0,200.0,200.0,16.0,20.0,2.0,100.0,2.63490247036179,1352.79146172917,5.67303587293776,2.5950434,1283.0585,5.29921
10.0,200.0,200.0,12.0,15.0,6.0,1.0,3.10316137596229,13.273110904103,6.55537010016424,3.1930478,9.80245,4.9815006
10.0,200.0,200.0,12.0,15.0,6.0,25.75,9.03989248155484,113.021588413431,6.31491588318134,10.004345,97.401085,6.022761
10.0,200.0,200.0,12.0,15.0,6.0,50.5,5.75048264291411,332.961550328625,6.03430330417411,4.70444,371.5637,5.508964
10.0,200.0,200.0,12.0,15.0,6.0,75.25,4.43452092462166,612.097463595956,5.74091234289956,5.870917,393.62457,4.8876677
10.0,200.0,200.0,12.0,15.0,6.0,100.0,3.7350186096674,920.363228203068,5.47106860124596,4.1960235,817.76215,5.46116
20.0,250.0,200.0,8.0,20.0,2.0,1.0,5.27243554695571,5.37329153906497,4.50891258647908,4.8902903,8.398821,6.536919
20.0,250.0,200.0,8.0,20.0,2.0,25.75,23.0888668332782,31.1413027826682,4.44408435958214,12.299682,81.14718,6.1689396
20.0,250.0,200.0,8.0,20.0,2.0,50.5,14.5718220903609,95.9865789499655,4.40811714245624,5.9067726,271.78244,5.0594153
20.0,250.0,200.0,8.0,20.0,2.0,75.25,10.5378125962334,195.56294426448,4.35863663961737,6.587398,352.1023,4.905647
20.0,250.0,200.0,8.0,20.0,2.0,100.0,8.35242128277864,323.368804876464,4.29863573329698,6.1943784,487.0902,4.802057
20.0,250.0,300.0,8.0,15.0,6.0,1.0,7.01596556490667,5.45459611689585,6.09074166297242,7.430426,7.0402613,8.325738
20.0,250.0,300.0,8.0,15.0,6.0,25.75,10.7173378662789,89.7021428684788,5.94199987482529,10.331795,97.255775,6.21061
20.0,250.0,300.0,8.0,15.0,6.0,50.5,6.33930983095351,285.886659612129,5.71168991842385,5.3443513,331.08853,5.5765805
20.0,250.0,300.0,8.0,15.0,6.0,75.25,4.77584509707918,540.350083862047,5.45806976775997,3.5676694,734.5373,5.54258
20.0,250.0,300.0,8.0,15.0,6.0,100.0,3.97651462523875,824.686332288419,5.21929101443525,2.9479935,1041.2893,4.8856006
15.0,250.0,400.0,16.0,20.0,6.0,1.0,9.0698892241829,8.8390774986319,12.7593648503335,8.321398,5.9652696,7.900353
15.0,250.0,400.0,16.0,20.0,6.0,25.75,2.27965496844055,681.045842573124,9.59595858207043,3.2984161,425.87012,8.682117
15.0,250.0,400.0,16.0,20.0,6.0,50.5,1.58691340119403,1387.48438162696,6.93921085792973,1.7396139,1210.6384,6.63737
15.0,250.0,400.0,16.0,20.0,6.0,75.25,1.4260681359856,1837.15330124222,5.54114227149983,1.7043333,1644.0518,5.926298
15.0,250.0,400.0,16.0,20.0,6.0,100.0,1.4028204816914,2137.19281625904,4.77162093651143,1.4976144,2099.7795,5.004883
10.0,200.0,450.0,8.0,15.0,6.0,1.0,3.99973863087489,13.5863463787137,8.64877157152978,5.3401303,10.324324,8.774728
10.0,200.0,450.0,8.0,15.0,6.0,25.75,5.1240298757822,251.16171805176705,7.95441044463579,8.489079,115.56483,6.0635824
10.0,200.0,450.0,8.0,15.0,6.0,50.5,3.33133190114315,679.695834747954,7.13610556098871,3.3806052,573.7613,6.112999
10.0,200.0,450.0,8.0,15.0,6.0,75.25,2.63817772127553,1155.32591705544,6.4464733517778,3.3722765,780.44586,5.566465
10.0,200.0,450.0,8.0,15.0,6.0,100.0,2.2611182714818,1627.61599603889,5.8572715711477,3.6771076,876.06696,5.1270027
15.0,250.0,450.0,16.0,20.0,6.0,1.0,9.31433498154388,9.5287176636691,14.1255850217489,8.548026,7.41509,10.087941
15.0,250.0,450.0,16.0,20.0,6.0,25.75,1.93042897123574,805.114066567583,9.60625563180622,3.2406955,436.24942,8.738083
15.0,250.0,450.0,16.0,20.0,6.0,50.5,1.43342714465924,1472.59590578893,6.65254723133558,1.5363896,1360.2601,6.586459
15.0,250.0,450.0,16.0,20.0,6.0,75.25,1.35644966954143,1854.8447173145696,5.32138730198774,1.6476164,1748.6351,6.0935287
15.0,250.0,450.0,16.0,20.0,6.0,100.0,1.3799759847996,2112.39585706449,4.63945500669576,1.6311822,2005.345,5.2060885
20.0,200.0,500.0,12.0,20.0,4.0,1.0,9.37751434977079,8.2425157562492,12.3017714747515,9.078734,7.7011175,11.127543
20.0,200.0,500.0,12.0,20.0,4.0,25.75,2.51897694293065,616.597032446872,9.59994004573549,3.1344724,431.66953,8.362938
20.0,200.0,500.0,12.0,20.0,4.0,50.5,1.71558685640747,1328.10155213212,7.18079863093838,1.7917646,1193.8237,6.741396
20.0,200.0,500.0,12.0,20.0,4.0,75.25,1.49934975324318,1822.22168204101,5.77853555433208,1.5118469,1527.482,4.8842463
20.0,200.0,500.0,12.0,20.0,4.0,100.0,1.44298144638707,2159.55856939115,4.95959102854544,1.5724347,2182.2847,5.461399
20.0,250.0,500.0,16.0,20.0,6.0,1.0,11.1984821258246,8.596357224504201,15.3212340587526,9.725119,8.902704,13.77961
20.0,250.0,500.0,16.0,20.0,6.0,25.75,1.69716343313952,894.209110690816,9.38006082546553,3.5053406,402.4322,8.7189865
20.0,250.0,500.0,16.0,20.0,6.0,50.5,1.34628474716035,1495.15951932426,6.34385443533253,1.6929976,1248.96,6.663977
20.0,250.0,500.0,16.0,20.0,6.0,75.25,1.3319112974949,1822.92921576421,5.13521623170052,1.1666843,2103.7312,5.1910734
20.0,250.0,500.0,16.0,20.0,6.0,100.0,1.38651339800807,2056.5947318956,4.53829707487341,1.6215891,2060.2886,5.317272
20.0,250.0,550.0,12.0,20.0,2.0,1.0,11.2864759336222,7.3915733722136,13.2774716801309,8.832227,6.8610716,9.644556
20.0,250.0,550.0,12.0,20.0,2.0,25.75,2.18238404456064,718.080949412095,9.68606727712689,3.5366766,351.6122,7.6860313
20.0,250.0,550.0,12.0,20.0,2.0,50.5,1.54428609583644,1425.57141534266,6.93817889155643,1.1047199,1685.8795,5.869585
20.0,250.0,550.0,12.0,20.0,2.0,75.25,1.40051225778155,1867.69712124968,5.53231615871382,1.148568,2068.2283,5.0242186
20.0,250.0,550.0,12.0,20.0,2.0,100.0,1.38637051347026,2161.59908072789,4.7695190909637,1.667196,1949.1396,5.171895
10.0,200.0,550.0,16.0,20.0,2.0,1.0,6.19286823599595,17.9348515947173,17.6770487146563,7.00713,7.628777,8.507761
10.0,200.0,550.0,16.0,20.0,2.0,25.75,1.49819816803795,1025.87646689091,9.49964174723204,3.4902046,336.96875,7.269149
10.0,200.0,550.0,16.0,20.0,2.0,50.5,1.28318482119009,1579.67644953711,6.3883118852366,1.1635048,1694.8054,6.2146516
10.0,200.0,550.0,16.0,20.0,2.0,75.25,1.31782057539831,1886.94820255267,5.25932356224854,1.2521447,2102.237,5.567366
10.0,200.0,550.0,16.0,20.0,2.0,100.0,1.39050409941034,2124.93941487027,4.70260993894202,1.5283154,2124.595,5.1678424
15.0,200.0,600.0,16.0,15.0,6.0,1.0,7.61600316250929,16.5719517080584,20.0872695053743,7.486319,9.489831,11.306989
15.0,200.0,600.0,16.0,15.0,6.0,25.75,1.39402709734586,1087.11656453673,9.36677799924907,3.1326733,452.6393,8.764163
15.0,200.0,600.0,16.0,15.0,6.0,50.5,1.26189409955943,1592.84593621521,6.33469099644717,1.5128903,1414.5985,6.7448025
15.0,200.0,600.0,16.0,15.0,6.0,75.25,1.32970958711097,1884.41791682034,5.29965565423435,1.186492,2098.8477,5.266948
15.0,200.0,600.0,16.0,15.0,6.0,100.0,1.41145605569261,2128.39274934899,4.78122590388691,1.5955917,2026.4347,5.146057
15.0,250.0,600.0,12.0,20.0,6.0,1.0,9.32730280891951,9.6005869145072,14.2519402050161,8.708899,8.082986,11.20354
15.0,250.0,600.0,12.0,20.0,6.0,25.75,1.93672730575141,806.163343175435,9.65015792253324,3.303585,377.24243,7.702809
15.0,250.0,600.0,12.0,20.0,6.0,50.5,1.43784037871056,1480.01137804121,6.70663210187226,2.0810041,968.81195,6.3539095
15.0,250.0,600.0,12.0,20.0,6.0,75.25,1.35583928354659,1869.47569169348,5.36094883975727,1.1848918,2005.4615,5.0258164
15.0,250.0,600.0,12.0,20.0,6.0,100.0,1.37673528073892,2130.61295227868,4.66847606364498,1.9059052,1754.3604,5.321573
20.0,200.0,600.0,8.0,15.0,6.0,1.0,8.69631430852361,7.6655084460338,10.6095344196169,7.3293533,7.4513407,8.692011
20.0,200.0,600.0,8.0,15.0,6.0,25.75,3.45617885137884,421.06726134051695,8.99478076065122,7.8262777,92.90474,4.4940324
20.0,200.0,600.0,8.0,15.0,6.0,50.5,2.28573644809445,1036.29736124653,7.46516307740794,3.6968682,479.7966,5.5901036
20.0,200.0,600.0,8.0,15.0,6.0,75.25,1.8572748496455,1605.76254014061,6.30770141951035,2.8814983,760.0917,4.632312
20.0,200.0,600.0,8.0,15.0,6.0,100.0,1.66497684813287,2062.38382104601,5.46509635818269,3.4760194,885.9658,4.9013867
20.0,200.0,650.0,8.0,20.0,2.0,1.0,8.87295106243115,7.8309413651989,11.0586519590281,7.194049,7.9002776,9.045568
20.0,200.0,650.0,8.0,20.0,2.0,25.75,3.12969113870267,479.354906563627,9.27260063861296,9.0387335,108.790924,6.0777564
20.0,200.0,650.0,8.0,20.0,2.0,50.5,2.04400227724549,1151.14764780729,7.41551229423616,4.58898,406.42816,5.877987
20.0,200.0,650.0,8.0,20.0,2.0,75.25,1.69326300624809,1710.39793507706,6.12541067567815,2.333531,1012.6382,4.997828
20.0,200.0,650.0,8.0,20.0,2.0,100.0,1.55196073946454,2130.2670797738,5.26180704650705,2.9912465,1043.999,4.9701834
10.0,200.0,650.0,16.0,20.0,4.0,1.0,6.21416426816815,20.4598761910717,20.2351236422109,6.5951114,9.184093,9.640037
10.0,200.0,650.0,16.0,20.0,4.0,25.75,1.30311591164424,1099.38013714401,8.85469960113178,4.066567,299.83554,7.5362296
10.0,200.0,650.0,16.0,20.0,4.0,50.5,1.25248101127188,1541.98140095373,6.08665994956891,1.3802099,1561.7463,6.7933536
10.0,200.0,650.0,16.0,20.0,4.0,75.25,1.33845723864319,1822.50206768747,5.15924507049974,1.2082801,2178.2256,5.566523
10.0,200.0,650.0,16.0,20.0,4.0,100.0,1.42021159784769,2067.75472637937,4.67382243295092,1.6011965,2024.8254,5.1600285
10.0,200.0,700.0,12.0,20.0,2.0,1.0,6.15575747021065,17.4958858538224,17.1410558144059,8.803585,6.3047247,8.833766
10.0,200.0,700.0,12.0,20.0,2.0,25.75,1.57922296101135,993.918109578578,9.70145674618741,3.5480814,354.28732,7.769485
10.0,200.0,700.0,12.0,20.0,2.0,50.5,1.30499156789465,1590.31847237879,6.54064476762054,0.99951094,1770.8115,5.5781302
10.0,200.0,700.0,12.0,20.0,2.0,75.25,1.31541983703678,1917.10741386555,5.33364935614208,1.1844722,2291.0715,5.7395377
10.0,200.0,700.0,12.0,20.0,2.0,100.0,1.37956089025649,2158.76218371424,4.73986319743559,1.6906621,1888.436,5.0813475
20.0,250.0,700.0,12.0,20.0,6.0,1.0,11.0382518036675,9.200712022459,16.16374038195,8.864411,8.736108,12.325033
20.0,250.0,700.0,12.0,20.0,6.0,25.75,1.60912816819235,937.877883647243,9.32781298742923,3.4064114,382.6042,8.055451
20.0,250.0,700.0,12.0,20.0,6.0,50.5,1.3166935586157,1514.22487084751,6.2835321222536,1.8465754,1169.2573,6.804651
20.0,250.0,700.0,12.0,20.0,6.0,75.25,1.32400331682374,1827.8299427828,5.11845026799426,1.1631736,2162.7542,5.320657
20.0,250.0,700.0,12.0,20.0,6.0,100.0,1.38795674684459,2058.30369697619,4.54679651101307,1.6511973,1987.4255,5.2228804
10.0,200.0,100.0,4.0,20.0,2.0,1.0,1.22199128694671,13.0206684518316,2.53233712209298,1.7332363,13.965608,3.8524566
10.0,200.0,100.0,4.0,20.0,2.0,25.75,20.8107315140599,19.1113038497237,2.45821894812788,18.601675,36.81774,4.2330394
10.0,200.0,100.0,4.0,20.0,2.0,50.5,31.7923018574949,24.4068394777123,2.44546961808756,11.841554,117.166504,4.372611
10.0,200.0,100.0,4.0,20.0,2.0,75.25,37.9643075793293,30.3810985452472,2.43945372422639,10.953626,184.31612,4.2700677
10.0,200.0,100.0,4.0,20.0,2.0,100.0,40.9840283464901,37.3406675802932,2.43566106006597,8.900913,349.16168,4.9463105
10.0,250.0,100.0,4.0,15.0,4.0,1.0,1.46640671661854,10.4082960866021,2.42914931579489,2.9324052,9.620648,4.4900227
10.0,250.0,100.0,4.0,15.0,4.0,25.75,27.8522234075792,13.8699141176251,2.38768230154231,17.931587,37.441113,4.14964
10.0,250.0,100.0,4.0,15.0,4.0,50.5,42.9311306730526,17.6045941103349,2.38191959180552,10.50904,131.75081,4.3636007
10.0,250.0,100.0,4.0,15.0,4.0,75.25,50.079131586375,22.4623219719992,2.37916775222094,9.289539,224.01674,4.4013715
10.0,250.0,100.0,4.0,15.0,4.0,100.0,52.2612854904392,28.5819131286234,2.37734118739278,8.705141,309.8571,4.292963
15.0,200.0,100.0,20.0,15.0,4.0,1.0,4.25377992738507,8.95850197484388,6.06499633816088,4.252942,6.840569,4.630223
15.0,200.0,100.0,20.0,15.0,4.0,25.75,11.1453118648819,85.2273004429053,5.87102400410728,21.791584,33.221657,4.474589
15.0,200.0,100.0,20.0,15.0,4.0,50.5,6.91821368906323,260.382810951182,5.67721101796665,7.8376303,193.38414,4.776771
15.0,200.0,100.0,20.0,15.0,4.0,75.25,5.23712498224697,492.781656402369,5.45834646432641,5.639987,414.0087,4.9385676
15.0,200.0,100.0,20.0,15.0,4.0,100.0,4.36437313788567,755.423757619883,5.2472607352668,5.5629487,563.1643,4.9860897
20.0,200.0,150.0,20.0,20.0,2.0,1.0,6.45424121197016,6.9760319889601,7.16595022396053,7.9837694,6.8718553,8.731769
20.0,200.0,150.0,20.0,20.0,2.0,25.75,8.03367089151777,138.370884627826,6.87071053729112,9.694847,98.07682,5.8769264
20.0,200.0,150.0,20.0,20.0,2.0,50.5,4.66224778506519,441.636527316804,6.48916909391113,4.146365,500.15192,6.535794
20.0,200.0,150.0,20.0,20.0,2.0,75.25,3.45525975465453,827.7131229974431,6.04886887129486,4.244653,595.91675,5.349845
20.0,200.0,150.0,20.0,20.0,2.0,100.0,2.85946166093968,1235.9272890720702,5.62467367431042,3.583984,1033.9307,5.897629
20.0,200.0,250.0,24.0,20.0,2.0,1.0,9.31049200433977,8.2395068570372,12.2093904543115,9.905504,6.8819556,10.849469
20.0,200.0,250.0,24.0,20.0,2.0,25.75,2.50552747743685,620.34913709598,9.60678896679921,3.4439695,419.34317,8.9263115
20.0,200.0,250.0,24.0,20.0,2.0,50.5,1.68565449695925,1337.9890862548,7.10804040762617,2.266767,892.5969,6.376627
20.0,200.0,250.0,24.0,20.0,2.0,75.25,1.48284511580719,1816.89714750714,5.69822720052695,1.5375468,1826.6243,5.940062
20.0,200.0,250.0,24.0,20.0,2.0,100.0,1.43730256898115,2140.14333602307,4.89565939005327,1.6944828,1946.0135,5.248113
10.0,200.0,350.0,24.0,15.0,2.0,1.0,6.16032991396508,19.1300473306078,18.7559966903492,6.182165,9.204269,9.056283
10.0,200.0,350.0,24.0,15.0,2.0,25.75,1.54023844740691,1046.13901416492,9.95910375813533,5.0819583,246.22578,7.7340617
10.0,200.0,350.0,24.0,15.0,2.0,50.5,1.28966237973423,1649.07026704397,6.70260994018695,2.0768,1015.20355,6.6447177
10.0,200.0,350.0,24.0,15.0,2.0,75.25,1.31378723282962,1975.64833659903,5.48969615496016,1.8303189,1585.2522,6.1367517
10.0,200.0,350.0,24.0,15.0,2.0,100.0,1.38381057230823,2223.63721865433,4.89734512307925,1.7309003,1879.7323,5.1783104
15.0,200.0,250.0,24.0,20.0,2.0,1.0,7.44366348109966,10.4631879747961,12.3956952431237,8.917587,6.8937116,9.784098
15.0,200.0,250.0,24.0,20.0,2.0,25.75,2.48250826838102,632.874812530612,9.71071959444449,4.523092,277.9539,7.7705407
15.0,200.0,250.0,24.0,20.0,2.0,50.5,1.67742900001169,1357.56821772647,7.17686145625976,1.3691393,1471.5135,6.349516
15.0,200.0,250.0,24.0,20.0,2.0,75.25,1.47792490979805,1840.46302199229,5.75298302505459,1.9834131,1291.0128,5.415733
15.0,200.0,250.0,24.0,20.0,2.0,100.0,1.43355318176771,2166.6013043267803,4.94325416423843,2.5248587,1429.5245,5.744454
20.0,200.0,150.0,32.0,20.0,2.0,1.0,8.42906198593731,7.5651031906177,10.1487892854067,6.4700074,6.9013805,7.106586
20.0,200.0,150.0,32.0,20.0,2.0,25.75,3.60478808062854,401.594231744533,8.94767297540296,10.777267,85.68824,5.7078533
20.0,200.0,150.0,32.0,20.0,2.0,50.5,2.2065351287065,1053.26112863057,7.3244607486449,3.8201277,447.42947,5.386803
20.0,200.0,150.0,32.0,20.0,2.0,75.25,1.78806972472891,1609.73931647528,6.08770541466868,4.7431645,495.24683,4.9682503
20.0,200.0,150.0,32.0,20.0,2.0,100.0,1.62162429498369,2032.13616313309,5.24473051763418,4.073472,821.296,5.324569
20.0,200.0,250.0,8.0,25.0,6.0,1.0,4.95407641939993,6.71706471093976,5.29617546915666,4.6362257,7.3427925,5.418088
20.0,200.0,250.0,8.0,25.0,6.0,25.75,15.4852255663758,54.0208161949195,5.17036943772563,17.663553,42.210888,4.6083527
20.0,200.0,250.0,8.0,25.0,6.0,50.5,9.56615327125481,168.553725777357,5.08164643905052,8.734588,192.71582,5.3050385
20.0,200.0,250.0,8.0,25.0,6.0,75.25,6.98592678651001,336.162227856581,4.96691320034977,8.471058,256.53854,4.5962515
20.0,200.0,250.0,8.0,25.0,6.0,100.0,5.62673877705998,540.274933434841,4.83828785816269,10.637922,252.93246,4.282342
10.0,200.0,150.0,16.0,25.0,4.0,1.0,2.96923464515381,13.2912802471078,6.2810386545604,3.7714725,8.245305,4.9492326
10.0,200.0,150.0,16.0,25.0,4.0,25.75,10.4150829243696,94.223062472586,6.06544747368977,13.917489,60.393677,5.1951194
10.0,200.0,150.0,16.0,25.0,4.0,50.5,6.54015392731587,285.365521215449,5.88190793427929,5.6925726,288.94324,5.1838207
10.0,200.0,150.0,16.0,25.0,4.0,75.25,4.83470364329485,552.815272429912,5.65279867045444,4.675747,545.19037,5.391539
10.0,200.0,150.0,16.0,25.0,4.0,100.0,3.93924760183583,862.584539584453,5.40798004963504,5.018036,616.2679,4.9217925
20.0,250.0,100.0,8.0,25.0,4.0,1.0,3.66883093862176,5.28734487338319,3.08734718240214,4.939962,6.437927,5.061623
20.0,250.0,100.0,8.0,25.0,4.0,25.75,43.2278368497556,11.383691082046,3.04151178651564,43.97869,12.302932,3.3442135
20.0,250.0,100.0,8.0,25.0,4.0,50.5,41.3147790391877,23.3126809811571,3.0354732400674,33.250008,29.64403,3.1064017
20.0,250.0,100.0,8.0,25.0,4.0,75.25,34.3787172761984,41.679761820971,3.03059934019771,20.066122,72.93238,3.0952609
20.0,250.0,100.0,8.0,25.0,4.0,100.0,28.6347287708227,66.3855854085862,3.02542920434802,22.33241,88.100266,3.1313596
10.0,250.0,100.0,12.0,30.0,4.0,1.0,2.35480389761053,10.491695913217,3.9320639486404,5.2296824,6.7882876,5.650095
10.0,250.0,100.0,12.0,30.0,4.0,25.75,24.4252336085244,25.6100400991691,3.86626735810805,19.394457,39.071987,4.6836696
10.0,250.0,100.0,12.0,30.0,4.0,50.5,20.3999907186435,59.8785905573484,3.84973018751488,19.647894,65.36706,4.0476575
10.0,250.0,100.0,12.0,30.0,4.0,75.25,15.9744006931738,113.395675942131,3.83119886491475,16.885916,108.290276,3.8674755
10.0,250.0,100.0,12.0,30.0,4.0,100.0,12.9490241538282,184.813980090265,3.80883353769527,14.081727,172.71582,3.8708646
20.0,250.0,250.0,8.0,30.0,4.0,1.0,6.05660949156397,5.40318504375969,5.20834261935863,6.4686785,6.969831,7.175595
20.0,250.0,250.0,8.0,30.0,4.0,25.75,16.4589179379415,50.3794827792048,5.12504735593222,15.414156,49.60224,4.725678
20.0,250.0,250.0,8.0,30.0,4.0,50.5,9.72174715621241,164.584839398551,5.04269734535403,11.841558,131.0472,4.890635
20.0,250.0,250.0,8.0,30.0,4.0,75.25,6.99590883244212,333.222129937288,4.93050728395707,4.691427,555.0472,5.507422
20.0,250.0,250.0,8.0,30.0,4.0,100.0,5.59229703484119,539.568094453818,4.80238112866271,5.519676,543.8644,4.7777576
15.0,200.0,150.0,16.0,30.0,6.0,1.0,4.30390885200339,8.93885584348908,6.12301227971332,5.439112,7.2749233,6.297622
15.0,200.0,150.0,16.0,30.0,6.0,25.75,11.2287269209346,85.6664948758067,5.94544568616786,6.52565,150.6342,6.075618
15.0,200.0,150.0,16.0,30.0,6.0,50.5,6.75223070102284,271.381038574932,5.77504703838063,5.912617,300.0481,5.591126
15.0,200.0,150.0,16.0,30.0,6.0,75.25,4.92042629278977,533.876944373929,5.55593970580129,4.1871853,610.3825,5.405524
15.0,200.0,150.0,16.0,30.0,6.0,100.0,3.9781370966649,839.882543349696,5.3176338738933,3.9251888,862.0437,5.385302
15.0,200.0,150.0,16.0,35.0,4.0,1.0,4.34286109947512,8.98403664720219,6.2096566254079,4.966658,7.146583,5.649148
15.0,200.0,150.0,16.0,35.0,4.0,25.75,11.0637986562709,87.947545828548,6.01410334933425,10.0504,95.57686,5.937166
15.0,200.0,150.0,16.0,35.0,4.0,50.5,6.64542075136456,278.8014120528,5.83910393678176,4.3303366,398.34088,5.4363236
15.0,200.0,150.0,16.0,35.0,4.0,75.25,4.83492218958688,548.929937347605,5.61332300551377,3.2986503,799.83295,5.580191
15.0,200.0,150.0,16.0,35.0,4.0,100.0,3.90359708525609,863.800951464056,5.36659466739511,3.8874104,841.44183,5.2060056
10.0,250.0,250.0,16.0,35.0,6.0,1.0,4.98999429968419,11.0021599980574,8.73772027888252,3.9390597,10.258649,6.4313617
10.0,250.0,250.0,16.0,35.0,6.0,25.75,4.83501821335132,272.212557260743,8.13484286033276,6.952118,158.30344,6.8022175
10.0,250.0,250.0,16.0,35.0,6.0,50.5,2.86228339227009,792.67813071933,7.15053045612553,5.439004,346.6097,5.9414005
10.0,250.0,250.0,16.0,35.0,6.0,75.25,2.2126878653092,1331.16725821633,6.22968960673786,3.5284643,761.019,5.679299
10.0,250.0,250.0,16.0,35.0,6.0,100.0,1.91487055024251,1802.92852303109,5.49462504153673,3.3351762,1014.5028,5.385078
15.0,200.0,100.0,12.0,35.0,4.0,1.0,2.9109149582697,8.81968956364795,4.08604314897126,3.3289537,8.436576,4.469863
15.0,200.0,100.0,12.0,35.0,4.0,25.75,23.7587695532698,27.0646897418316,3.97438464523741,19.571192,35.905178,4.343276
15.0,200.0,100.0,12.0,35.0,4.0,50.5,19.5512377435053,64.1257691367355,3.95125990433908,10.706607,137.3108,4.633246
15.0,200.0,100.0,12.0,35.0,4.0,75.25,15.3583068326901,120.959610268879,3.92913857522746,8.238544,267.4479,4.660186
15.0,200.0,100.0,12.0,35.0,4.0,100.0,12.4969638101267,196.284895228524,3.90401541928494,7.6785316,391.5782,4.785385
20.0,200.0,250.0,8.0,40.0,6.0,1.0,4.99776586367423,6.7214076462509,5.34633630045691,4.9939275,6.933442,5.510757
20.0,200.0,250.0,8.0,40.0,6.0,25.75,15.3459949561806,55.0239881276506,5.21903265447163,16.034966,47.007244,4.6588182
20.0,200.0,250.0,8.0,40.0,6.0,50.5,9.43175281720691,172.597603753598,5.13045551040293,10.299921,156.2577,5.072289
20.0,200.0,250.0,8.0,40.0,6.0,75.25,6.85362353513297,345.926968960448,5.01439214161493,9.504436,211.91849,4.25999
20.0,200.0,250.0,8.0,40.0,6.0,100.0,5.49446045800324,558.28771627191,4.88206161569008,8.054982,382.05252,4.897875
15.0,200.0,100.0,12.0,40.0,6.0,1.0,2.907096062287,8.79264139527232,4.06816796380174,4.0070662,7.790233,4.9681773
15.0,200.0,100.0,12.0,40.0,6.0,25.75,23.9022187128571,26.8531256462445,3.96712566995231,18.928795,36.438465,4.263106
15.0,200.0,100.0,12.0,40.0,6.0,50.5,19.5513036808968,64.0167181655207,3.94455377570679,11.284412,121.226814,4.3112803
15.0,200.0,100.0,12.0,40.0,6.0,75.25,15.3078789224526,121.158386414137,3.92267318494221,10.046323,202.67468,4.3064575
15.0,200.0,100.0,12.0,40.0,6.0,100.0,12.4314626240471,196.996978190695,3.89764180379893,9.446156,311.52554,4.683482
15.0,200.0,250.0,12.0,40.0,4.0,1.0,4.99702111902952,9.0992006656265,7.23659985651986,5.4426484,6.861433,5.9435396
15.0,200.0,250.0,12.0,40.0,4.0,25.75,7.786067399063,144.087250072161,6.93404426805379,6.919644,160.21721,6.8522954
15.0,200.0,250.0,12.0,40.0,4.0,50.5,4.56437590859262,454.710626227179,6.54101675215195,3.862058,513.75543,6.2532225
15.0,200.0,250.0,12.0,40.0,4.0,75.25,3.38754842412723,849.502172158108,6.08644403632659,2.6350787,914.66705,5.097651
15.0,200.0,250.0,12.0,40.0,4.0,100.0,2.8058024778708,1264.86813869755,5.64836143489533,2.876972,1232.9984,5.6457024
15.0,200.0,250.0,8.0,20.0,8.0,1.0,3.77241325837902,8.84543549883746,5.31078370612779,5.797622,7.1311207,6.580029
15.0,200.0,250.0,8.0,20.0,8.0,25.75,14.8133255266725,56.6436968207093,5.18617365325505,13.687928,63.366043,5.3608947
15.0,200.0,250.0,8.0,20.0,8.0,50.5,9.45106257003904,171.054657749406,5.0950012660294,11.799628,114.96158,4.2751346
15.0,200.0,250.0,8.0,20.0,8.0,75.25,6.97269370900783,337.62410233246,4.97906342107337,5.6200085,416.13794,4.9463835
15.0,200.0,250.0,8.0,20.0,8.0,100.0,5.64663029444058,539.726690272285,4.85046506033683,5.18057,608.69037,5.0187306
20.0,250.0,150.0,12.0,15.0,8.0,1.0,5.99862586313749,5.36408955550619,5.1211550776765,5.97558,5.8116255,5.527107
20.0,250.0,150.0,12.0,15.0,8.0,25.75,16.246175416126,50.2299419927514,5.04378671076622,13.739514,66.545975,5.6511426
20.0,250.0,150.0,12.0,15.0,8.0,50.5,9.6933366585198,162.069940378412,4.95113219722824,14.41499,101.890526,4.628891
20.0,250.0,150.0,12.0,15.0,8.0,75.25,7.10355519190024,321.594949562894,4.83168492711056,4.875047,537.68915,5.5440035
20.0,250.0,150.0,12.0,15.0,8.0,100.0,5.78322493494529,511.096282712321,4.70427756278693,7.268518,417.01633,4.824127
15.0,200.0,100.0,8.0,20.0,8.0,1.0,2.29758392185441,8.73071704805268,3.19257735291439,3.181548,6.8470435,3.4670632
15.0,200.0,100.0,8.0,20.0,8.0,25.75,28.9279987306715,17.4274885090824,3.11599027132102,28.646996,20.039408,3.5481918
15.0,200.0,100.0,8.0,20.0,8.0,50.5,32.2034857226498,30.5800051141895,3.10362463014313,25.644314,38.450974,3.1076145
15.0,200.0,100.0,8.0,20.0,8.0,75.25,29.4436705703393,49.717382736106,3.0960918448734,25.105915,68.7041,3.6481447
15.0,200.0,100.0,8.0,20.0,8.0,100.0,25.8991519826155,74.95129391813,3.08947589093261,23.255354,87.59045,3.2419016
10.0,250.0,250.0,12.0,20.0,10.0,1.0,4.06588309723136,10.6797783329694,6.91094215486217,3.3994024,10.3524885,5.601024
10.0,250.0,250.0,12.0,20.0,10.0,25.75,7.93888245810836,136.305642069874,6.68830551511733,4.6401696,235.1998,6.7454963
10.0,250.0,250.0,12.0,20.0,10.0,50.5,4.71113216758584,425.406892186404,6.31623912599914,4.0743637,490.25436,6.2952046
10.0,250.0,250.0,12.0,20.0,10.0,75.25,3.53130840359856,790.077307859144,5.90090827236746,2.457826,1130.6711,5.8776116
10.0,250.0,250.0,12.0,20.0,10.0,100.0,2.9364181671869,1178.46649427719,5.50750973278225,2.4986675,1321.1703,5.253964
20.0,200.0,100.0,16.0,15.0,10.0,1.0,4.70568027798733,6.65900938170761,4.98714705781929,3.9156287,8.065531,5.026372
20.0,200.0,100.0,16.0,15.0,10.0,25.75,16.9651033772253,46.5919426869207,4.88551361259986,21.839437,33.7376,4.5540595
20.0,200.0,100.0,16.0,15.0,10.0,50.5,10.720947274594,142.336920185001,4.80927352699135,11.663016,126.11563,4.635626
20.0,200.0,100.0,16.0,15.0,10.0,75.25,7.92736666903465,281.084160529854,4.7127993184855,11.354163,181.86047,4.36724
20.0,200.0,100.0,16.0,15.0,10.0,100.0,6.45034750828462,448.801768054877,4.607420002365,7.9880686,369.3542,4.695749
15.0,200.0,350.0,12.0,20.0,12.0,1.0,6.04982751167388,9.3056441264749,8.96003206938135,9.191043,6.6529875,9.731992
15.0,200.0,350.0,12.0,20.0,12.0,25.75,4.52475952019827,293.465107477996,8.20719727267236,3.2857664,407.19183,8.269492
15.0,200.0,350.0,12.0,20.0,12.0,50.5,2.78239359790322,813.4961297928171,7.1335023725808,2.0432212,1076.022,6.928915
15.0,200.0,350.0,12.0,20.0,12.0,75.25,2.19473417048102,1338.78901676108,6.21452148119513,1.482774,1776.5406,5.5713897
15.0,200.0,350.0,12.0,20.0,12.0,100.0,1.91532882070358,1801.69723616806,5.49218664404423,1.4903089,2155.5266,5.1126957
20.0,250.0,250.0,12.0,20.0,12.0,1.0,7.68566555804808,5.5045324573332,6.73320830950859,8.421087,6.714558,8.999236
20.0,250.0,250.0,12.0,20.0,12.0,25.75,8.43161868056156,125.264304108546,6.52801563200381,5.4565277,211.5097,7.1332893
20.0,250.0,250.0,12.0,20.0,12.0,50.5,4.86053578658099,403.164197157656,6.17582322476846,3.4171128,609.39636,6.562781
20.0,250.0,250.0,12.0,20.0,12.0,75.25,3.6165952736852,755.567838133456,5.77945652322216,2.9895313,948.48413,5.9971757
20.0,250.0,250.0,12.0,20.0,12.0,100.0,2.99681149753177,1132.54677699189,5.40176524620976,2.3925774,1607.7817,6.1222763
